id,Date,Sport,Séance,Exercice,Durée,poid,Nbr_de_repetitions,Commentaire
0,2024-02-19,Musculation,Pectoraux,Développé Couché,,60.0,6.0,
1,2024-02-19,Musculation,Pectoraux,Développé Couché,,60.0,6.0,
2,2024-02-19,Musculation,Pectoraux,Développé Couché,,60.0,6.0,
3,2024-02-19,Musculation,Pectoraux,Développé Couché,,50.0,10.0,
4,2024-02-19,Musculation,Pectoraux,Développé Couché,,50.0,9.0,
5,2024-02-19,Musculation,Pectoraux,Développé Couché,,50.0,10.0,
6,2024-02-19,Musculation,Pectoraux,Ecartés Poulie,,32.0,10.0,bonne hauteur 11
7,2024-02-19,Musculation,Pectoraux,Ecartés Poulie,,36.0,10.0,
8,2024-02-19,Musculation,Pectoraux,Ecartés Poulie,,36.0,10.0,
9,2024-02-19,Musculation,Pectoraux,Ecartés Poulie,,38.3,10.0,
10,2024-02-21,Musculation,Dos,Lat Pull,,23.0,10.0,
11,2024-02-21,Musculation,Dos,Lat Pull,,27.0,20.0,
12,2024-02-21,Musculation,Dos,Lat Pull,,32.0,20.0,
13,2024-02-21,Musculation,Dos,Lat Pull,,36.0,12.0,
14,2024-02-21,Musculation,Dos,Lat Pull,,36.0,12.0,
15,2024-02-21,Musculation,Dos,Lat Pull,,41.0,12.0,
16,2024-02-21,Musculation,Dos,Lat Pull,,41.0,12.0,
17,2024-02-21,Musculation,Dos,Seated Row Prise Verticale,,54.3,10.0,
18,2024-02-21,Musculation,Dos,Seated Row Prise Verticale,,54.3,10.0,
19,2024-02-21,Musculation,Dos,Seated Row Prise Verticale,,54.3,12.0,
20,2024-02-21,Musculation,Dos,Seated Row Prise Verticale,,54.3,12.0,
21,2024-02-21,Musculation,Dos,Seated Row Prise Verticale,,54.3,12.0,
22,2024-02-21,Musculation,Dos,Seated Row Prise Verticale,,54.3,12.0,
23,2024-02-21,Musculation,Dos,Biceps Curls,,5.0,12.0,
24,2024-02-21,Musculation,Dos,Biceps Curls,,5.0,12.0,
25,2024-02-21,Musculation,Dos,Biceps Curls,,5.0,12.0,
26,2024-02-24,Cardio,,Vélo Elliptique,30.0,,,
27,2024-02-24,Cardio,,Cross Trainning,30.0,,,
28,2024-02-24,Cardio,,Tennis,60.0,,,
29,2024-02-25,Musculation,Jambes,Squat,,20.0,10.0,
30,2024-02-25,Musculation,Jambes,Squat,,60.0,10.0,
31,2024-02-25,Musculation,Jambes,Squat,,70.0,10.0,
32,2024-02-25,Musculation,Jambes,Squat,,70.0,10.0,
33,2024-02-25,Musculation,Jambes,Squat,,70.0,10.0,
34,2024-02-25,Musculation,Jambes,Hip Trust,,100.0,10.0,
35,2024-02-25,Musculation,Jambes,Hip Trust,,100.0,12.0,
36,2024-02-25,Musculation,Jambes,Hip Trust,,100.0,12.0,
37,2024-02-25,Musculation,Jambes,Hip Trust,,100.0,12.0,
38,2024-02-25,Musculation,Jambes,Mollets sur Leg Press,,59.0,15.0,
39,2024-02-25,Musculation,Jambes,Mollets sur Leg Press,,59.0,15.0,
40,2024-02-25,Musculation,Jambes,Mollets sur Leg Press,,59.0,15.0,
41,2024-02-25,Musculation,Jambes,Mollets sur Leg Press,,59.0,15.0,
42,2024-02-25,Musculation,Jambes,Mollets sur Leg Press,,59.0,15.0,
43,2024-02-25,Musculation,Jambes,Leg Press,,45.0,12.0,Une jambe après l'autre
44,2024-02-25,Musculation,Jambes,Leg Press,,45.0,12.0,Une jambe après l'autre
45,2024-02-25,Musculation,Jambes,Leg Press,,45.0,12.0,Une jambe après l'autre
46,2024-02-25,Musculation,Jambes,Leg Press,,45.0,12.0,Une jambe après l'autre
47,2024-02-25,Musculation,Jambes,Leg Press,,45.0,12.0,Une jambe après l'autre
48,2024-02-25,Musculation,Jambes,Leg Press,,79.0,10.0,deux jambes
49,2024-02-25,Musculation,Jambes,Leg Press,,79.0,10.0,deux jambes
50,2024-02-25,Musculation,Jambes,Leg Press,,79.0,10.0,deux jambes
51,2024-02-25,Musculation,Jambes,Leg Press,,79.0,10.0,deux jambes
52,2024-02-25,Musculation,Jambes,Leg Press,,79.0,10.0,deux jambes
53,2024-02-25,Musculation,Jambes,Hip Adduction,,54.3,12.0,
54,2024-02-25,Musculation,Jambes,Hip Adduction,,54.3,12.0,
55,2024-02-25,Musculation,Jambes,Hip Adduction,,54.3,12.0,
56,2024-02-25,Musculation,Jambes,Hip Adduction,,54.3,12.0,
57,2024-02-25,Musculation,Jambes,Prône leg curl,,45.0,10.0,
58,2024-02-25,Musculation,Jambes,Prône leg curl,,45.0,8.0,
59,2024-02-25,Musculation,Jambes,Prône leg curl,,45.0,8.0,
60,2024-02-25,Musculation,Jambes,Prône leg curl,,45.0,6.0,
61,2024-02-26,Musculation,Pectoraux,Développé Couché,,20.0,4.0,
62,2024-02-26,Musculation,Pectoraux,Développé Couché,,20.0,10.0,
63,2024-02-26,Musculation,Pectoraux,Développé Couché,,20.0,6.0,
64,2024-02-26,Musculation,Pectoraux,Développé Couché,,20.0,7.0,
65,2024-02-26,Musculation,Pectoraux,Ecartés Poulie Bas,,14.0,10.0,
66,2024-02-26,Musculation,Pectoraux,Ecartés Poulie Bas,,18.0,10.0,
67,2024-02-26,Musculation,Pectoraux,Ecartés Poulie Bas,,20.3,10.0,
68,2024-02-26,Musculation,Pectoraux,Ecartés Poulie Bas,,20.3,10.0,
69,2024-02-26,Musculation,Pectoraux,Triceps Pull Downs Poulie,,32.0,15.0,
70,2024-02-26,Musculation,Pectoraux,Triceps Pull Downs Poulie,,36.0,15.0,
71,2024-02-26,Musculation,Pectoraux,Triceps Pull Downs Poulie,,41.0,12.0,
72,2024-02-26,Musculation,Pectoraux,Triceps Pull Downs Poulie,,66.0,10.0,
73,2024-02-26,Musculation,Pectoraux,Pec Fly,,59.0,15.0,
74,2024-02-26,Musculation,Pectoraux,Pec Fly,,66.0,15.0,
75,2024-02-26,Musculation,Pectoraux,Pec Fly,,73.0,15.0,
76,2024-02-26,Musculation,Pectoraux,Pec Fly,,73.0,10.0,
77,2024-02-26,Musculation,Pectoraux,Pec Fly,,73.0,10.0,
78,2024-02-26,Musculation,Pectoraux,Ecartés Poulie,,36.0,10.0,
79,2024-02-26,Musculation,Pectoraux,Ecartés Poulie,,36.0,10.0,
80,2024-02-26,Musculation,Pectoraux,Ecartés Poulie,,36.0,10.0,
81,2024-01-03,Musculation,Dos,Lat Pull,,45.0,20.0,
82,2024-01-03,Musculation,Dos,Lat Pull,,61.3,12.0,
83,2024-01-03,Musculation,Dos,Lat Pull,,61.3,12.0,
84,2024-01-03,Musculation,Dos,Lat Pull,,61.3,12.0,
85,2024-01-03,Musculation,Dos,Lat Pull,,61.3,10.0,
86,2024-01-03,Musculation,Dos,Lat Pull,,,,
87,2024-01-03,Musculation,Dos,Lat Pull,,,,
88,2024-01-03,Musculation,Dos,Biceps Curl Haltères Assis,,8.0,10.0,
89,2024-01-03,Musculation,Dos,Biceps Curl Haltères Assis,,8.0,10.0,
90,2024-01-03,Musculation,Dos,Biceps Curl Haltères Assis,,8.0,10.0,
91,2024-01-03,Musculation,Dos,Biceps Curl Haltères Assis,,8.0,10.0,
92,2024-01-03,Musculation,Dos,Rear Delt,,66.0,10.0,
93,2024-01-03,Musculation,Dos,Rear Delt,,73.0,10.0,
94,2024-01-03,Musculation,Dos,Rear Delt,,73.0,10.0,
95,2024-02-03,Cardio,,Cross Trainning,,,,"20 pompes 
20 ballons mur en équilibres 
12 abdos avec poids 
20 montée caisse 
10abdos circulaire avec poid 
20 Planche militaire "
96,2024-02-03,Musculation,Pectoraux,Ecartés Poulie,,38.3,15.0,
97,2024-02-03,Musculation,Pectoraux,Ecartés Poulie,,41.0,15.0,
98,2024-02-03,Musculation,Pectoraux,Ecartés Poulie,,41.0,15.0,
99,2024-02-03,Musculation,Pectoraux,Ecartés Poulie,,41.0,15.0,
100,2024-02-03,Musculation,Jambes,Mollets sur Leg Press,,66.0,12.0,
101,2024-02-03,Musculation,Jambes,Mollets sur Leg Press,,66.0,12.0,
102,2024-02-03,Musculation,Jambes,Mollets sur Leg Press,,66.0,12.0,
103,2024-02-03,Musculation,Jambes,Mollets sur Leg Press,,66.0,12.0,
104,2024-02-03,Musculation,Jambes,Mollets sur Leg Press,,66.0,12.0,
105,2024-02-03,Musculation,Jambes,Mollets sur Leg Press,,66.0,12.0,
106,2024-02-03,Musculation,Jambes,Hip Abduction,,12.0,54.3,
107,2024-02-03,Musculation,Jambes,Hip Abduction,,15.0,59.0,
108,2024-02-03,Musculation,Jambes,Hip Abduction,,15.0,66.0,
109,2024-02-03,Musculation,Jambes,Hip Abduction,,15.0,66.0,
110,2024-02-03,Musculation,Jambes,Hip Abduction,,15.0,66.0,
111,2024-03-03,Musculation,Jambes,Leg Extension ,,47.3,10.0,
112,2024-03-03,Musculation,Jambes,Leg Extension ,,47.3,13.0,
113,2024-03-03,Musculation,Jambes,Leg Extension ,,52.0,15.0,
114,2024-03-03,Musculation,Jambes,Leg Extension ,,52.0,15.0,
115,2024-03-03,Musculation,Jambes,Leg Extension ,,52.0,15.0,
116,2024-03-03,Musculation,Jambes,Leg Extension ,,54.3,15.0,
117,2024-03-03,Musculation,Jambes,Hip Abduction,,59.0,10.0,
118,2024-03-03,Musculation,Jambes,Hip Abduction,,59.0,12.0,
119,2024-03-03,Musculation,Jambes,Hip Abduction,,59.0,15.0,
120,2024-04-03,Musculation,Pectoraux,Développé incliné,,10.0,10.0,
121,2024-04-03,Musculation,Pectoraux,Développé incliné,,15.0,9.0,
122,2024-04-03,Musculation,Pectoraux,Développé incliné,,15.0,10.0,
123,2024-04-03,Musculation,Pectoraux,Développé incliné,,15.0,10.0,
124,2024-04-03,Musculation,Pectoraux,Développé incliné,,15.0,7.0,
125,2024-04-03,Musculation,Pectoraux,Shoulder press,,32.0,12.0,
126,2024-04-03,Musculation,Pectoraux,Shoulder press,,36.0,14.0,
127,2024-04-03,Musculation,Pectoraux,Shoulder press,,41.0,12.0,
128,2024-04-03,Musculation,Pectoraux,Shoulder press,,41.0,7.0,
129,2024-04-03,Musculation,Pectoraux,Dip Assist,,23.0,12.0,
130,2024-04-03,Musculation,Pectoraux,Dip Assist,,23.0,12.0,
131,2024-04-03,Musculation,Pectoraux,Dip Assist,,23.0,12.0,
132,2024-04-03,Musculation,Pectoraux,Dip Assist,,23.0,12.0,
133,2024-04-03,Musculation,Pectoraux,Dip Assist,,23.0,12.0,
134,2024-04-03,Musculation,Pectoraux,Développer Incliné Haltères,,16.0,10.0,
135,2024-04-03,Musculation,Pectoraux,Développer Incliné Haltères,,16.0,10.0,
136,2024-04-03,Musculation,Pectoraux,Développer Incliné Haltères,,16.0,10.0,
137,2024-04-03,Musculation,Pectoraux,Développer Incliné Haltères,,16.0,10.0,
138,2024-04-03,Musculation,Pectoraux,Développer Incliné Haltères,,16.0,7.0,
139,2024-04-03,Musculation,Pectoraux,Ecartés Poulie,,36.0,12.0,
140,2024-04-03,Musculation,Pectoraux,Ecartés Poulie,,41.0,12.0,
141,2024-04-03,Musculation,Pectoraux,Ecartés Poulie,,41.0,12.0,
142,2024-04-03,Musculation,Pectoraux,Ecartés Poulie,,41.0,12.0,
143,2024-04-03,Cardio,,Tennis,60.0,,,
144,2024-06-03,Musculation,Dos,Seated Row,,53.0,12.0,
145,2024-06-03,Musculation,Dos,Seated Row,,59.0,10.0,
146,2024-06-03,Musculation,Dos,Seated Row,,66.0,10.0,
147,2024-06-03,Musculation,Dos,Seated Row,,66.0,10.0,
148,2024-06-03,Musculation,Dos,Seated Row,,73.0,10.0,
149,2024-06-03,Musculation,Dos,Seated Row,,73.0,10.0,
150,2024-06-03,Musculation,Dos,Arm Curl,,32.0,10.0,
151,2024-06-03,Musculation,Dos,Arm Curl,,36.0,10.0,
152,2024-06-03,Musculation,Dos,Arm Curl,,36.0,10.0,
153,2024-06-03,Musculation,Dos,Arm Curl,,36.0,10.0,
154,2024-06-03,Musculation,Dos,Rear Delt,,52.0,10.0,
155,2024-06-03,Musculation,Dos,Rear Delt,,59.0,10.0,
156,2024-06-03,Musculation,Dos,Rear Delt,,69.0,10.0,
157,2024-06-03,Musculation,Dos,Rear Delt,,69.0,10.0,
158,2024-06-03,Musculation,Dos,Rear Delt,,69.0,10.0,
159,2024-07-03,Cardio,,Vélo Elliptique,25.0,,,
160,2024-07-03,Cardio,,,,,,"Pompes
Epaules
Abdo allongée jambes levée 
Exercice avec poid 
Planche 
Abs Wheel
Squat avec haltères 16kg"
161,2024-07-03,Musculation,Épaules,Élévations Latérales,,5.0,12.0,
162,2024-07-03,Musculation,Épaules,Élévations Latérales,,6.0,10.0,
163,2024-07-03,Musculation,Épaules,Élévations Latérales,,6.0,12.0,
164,2024-07-03,Musculation,Épaules,Élévations Latérales,,5.0,10.0,
165,2024-08-03,Musculation,Bras,Triceps à la Poulie,,36.0,12.0,
166,2024-08-03,Musculation,Bras,Triceps à la Poulie,,41.0,12.0,
167,2024-08-03,Musculation,Bras,Triceps à la Poulie,,25.3,12.0,
168,2024-08-03,Musculation,Bras,Triceps à la Poulie,,25.3,11.0,
169,2024-08-03,Musculation,Bras,Triceps à la Poulie,,25.3,11.0,
170,2024-08-03,Musculation,Bras,Triceps à la Poulie,,25.3,10.0,
171,2024-08-03,Musculation,Bras,Triceps à la Poulie,,25.3,10.0,
172,2024-08-03,Musculation,Bras,Triceps à la Poulie Inversée,,36.0,20.0,
173,2024-08-03,Musculation,Bras,Triceps à la Poulie Inversée,,45.0,13.0,
174,2024-08-03,Musculation,Bras,Triceps à la Poulie Inversée,,45.0,11.0,
175,2024-08-03,Musculation,Bras,Triceps à la Poulie Inversée,,45.0,10.0,
176,2024-08-03,Musculation,Bras,Biceps Curls,,6.0,12.0,
177,2024-08-03,Musculation,Bras,Biceps Curls (allongé puis prise marteau),,6.0,12.0,
178,2024-08-03,Musculation,Bras,Biceps Curls,,6.0,12.0,
179,2024-08-03,Musculation,Bras,Biceps Curls,,6.0,12.0,
180,2024-08-03,Musculation,Bras,Triceps à la Poulie,,14.0,10.0,
181,2024-08-03,Musculation,Bras,Triceps à la Poulie,,14.0,10.0,
182,2024-08-03,Musculation,Bras,Triceps à la Poulie,,14.0,13.0,
183,2024-08-03,Musculation,Bras,Triceps à la Poulie,,14.0,13.0,
184,2024-09-03,Musculation,Abdos,Rotary Torso,,50.0,20.0,
185,2024-09-03,Musculation,Abdos,Rotary Torso,,54.0,20.0,
186,2024-09-03,Musculation,Abdos,Rotary Torso,,54.0,20.0,
187,2024-09-03,Musculation,Abdos,Rotary Torso,,54.0,20.0,
188,2024-10-03,Cardio,,Tennis,60.0,,,
189,2024-11-03,Musculation,Pectoraux,Développé Couché,,60.0,7.0,
190,2024-11-03,Musculation,Pectoraux,Développé Couché,,60.0,7.0,
191,2024-11-03,Musculation,Pectoraux,Développé Couché,,60.0,7.0,
192,2024-11-03,Musculation,Pectoraux,Développé Couché,,60.0,6.0,
193,2024-11-03,Musculation,Pectoraux,Développé Couché,,60.0,8.0,
194,2024-11-03,Musculation,Pectoraux,Développé Couché,,60.0,7.0,
195,2024-11-03,Musculation,Pectoraux,Dip Assist,,23.0,15.0,
196,2024-11-03,Musculation,Pectoraux,Dip Assist,,18.0,15.0,
197,2024-11-03,Musculation,Pectoraux,Dip Assist,,14.0,12.0,
198,2024-11-03,Musculation,Pectoraux,Pec Fly,,66.0,12.0,
199,2024-11-03,Musculation,Pectoraux,Pec Fly,,73.0,12.0,
200,2024-11-03,Musculation,Pectoraux,Pec Fly,,73.0,12.0,
201,2024-11-03,Musculation,Pectoraux,Pec Fly,,73.0,10.0,
202,2024-11-03,Musculation,Pectoraux,Pec Fly,,73.0,10.0,
203,2024-03-24,Musculation,Épaules Bras,Élévations Latérales,,7.0,10.0,
204,2024-03-24,Musculation,Épaules Bras,Élévations Latérales,,7.0,10.0,
205,2024-03-24,Musculation,Épaules Bras,Élévations Latérales,,7.0,10.0,
206,2024-03-24,Musculation,Épaules Bras,Élévations Latérales,,7.0,10.0,
207,2024-03-24,Musculation,Épaules Bras,Élévations Latérales,,7.0,10.0,
208,2024-03-24,Musculation,Épaules Bras,Triceps à la Poulie,,32.0,10.0,
209,2024-03-24,Musculation,Épaules Bras,Triceps à la poulie,,32.0,10.0,
210,2024-03-24,Musculation,Épaules Bras,Triceps à la Poulie,,32.0,10.0,
211,2024-03-24,Musculation,Épaules Bras,Triceps à la Poulie,,32.0,10.0,
212,2024-03-24,Musculation,Épaules Bras,Triceps à la Poulie,,32.0,10.0,
213,2024-03-24,Musculation,Épaules Bras,Biceps Curls à la Poulie,,29.3,10.0,
214,2024-03-24,Musculation,Épaules Bras,Biceps Curls à la Poulie,,29.3,10.0,
215,2024-03-24,Musculation,Épaules Bras,Biceps Curls à la Poulie,,29.3,10.0,
216,2024-03-24,Musculation,Épaules Bras,Biceps Curls à la Poulie,,29.3,10.0,
217,2024-03-24,Musculation,Épaules Bras,Biceps Curls à la Poulie,,29.3,10.0,
218,2024-03-24,Musculation,Épaules Bras,Rear Delt,,45.0,10.0,
219,2024-03-24,Musculation,Épaules Bras,Rear Delt,,45.0,10.0,
220,2024-03-24,Musculation,Épaules Bras,Rear Delt,,45.0,10.0,
221,2024-03-24,Musculation,Épaules Bras,Élévations Latérales,,4.0,12.0,
222,2024-03-24,Musculation,Épaules Bras,Élévations Latérales,,4.0,12.0,
223,2024-03-24,Musculation,Épaules Bras,Élévations Latérales,,4.0,12.0,
224,2024-03-24,Musculation,Épaules Bras,Élévations Latérales,,4.0,12.0,
225,2024-03-24,Cardio,,Tennis,60.0,,,
226,2024-03-25,Cardio,,Vélo Elliptique,30.0,,,"intensité 13 calorie 381 distances 2,72 km "
227,2024-03-25,Musculation,Abdos,Rotary Torso,,50.0,15.0,
228,2024-03-25,Musculation,Abdos,Rotary Torso,,50.0,15.0,
229,2024-03-25,Musculation,Abdos,Rotary Torso,,50.0,15.0,
230,2024-03-25,Musculation,Abdos,Rotary Torso,,50.0,15.0,
231,2024-03-25,Musculation,Abdos,Rotary Torso,,50.0,15.0,
232,2024-03-25,Musculation,Abdos,Abdos Inclinés,,10.0,15.0,
233,2024-03-25,Musculation,Abdos,Abdos Inclinés,,10.0,15.0,
234,2024-03-25,Musculation,Abdos,Abdos Inclinés,,10.0,15.0,
235,2024-03-25,Musculation,Pectoraux,Chest Press,,32.0,12.0,
236,2024-03-25,Musculation,Pectoraux,Chest Press,,34.3,12.0,
237,2024-03-25,Musculation,Pectoraux,Chest Press,,34.3,12.0,
238,2024-03-25,Musculation,Pectoraux,Chest Press,,34.3,12.0,
239,2024-03-25,Musculation,Pectoraux,Chest Press,,34.3,12.0,
240,2024-03-27,Musculation,Abdos Jambes,Rotary Torso,,54.0,15.0,
241,2024-03-27,Musculation,Abdos Jambes,Rotary Torso,,54.0,15.0,
242,2024-03-27,Musculation,Abdos Jambes,Rotary Torso,,54.0,15.0,
243,2024-03-27,Musculation,Abdos Jambes,Rotary Torso,,54.0,15.0,
244,2024-03-27,Musculation,Abdos Jambes,Rotary Torso,,59.0,15.0,
245,2024-03-27,Musculation,Abdos Jambes,abdos inclinés,,10.0,15.0,
246,2024-03-27,Musculation,Abdos Jambes,Abdos Inclinés,,15.0,15.0,
247,2024-03-27,Musculation,Abdos Jambes,Abdos Inclinés,,15.0,11.0,
248,2024-03-27,Musculation,Abdos Jambes,Abdos Inclinés,,15.0,14.0,
249,2024-03-27,Musculation,Abdos Jambes,Abdos Inclinés,,15.0,15.0,
250,2024-03-27,Musculation,Abdos Jambes,Mollets sur Leg Press,,68.3,20.0,
251,2024-03-27,Musculation,Abdos Jambes,Mollets sur Leg Press,,73.0,15.0,
252,2024-03-27,Musculation,Abdos Jambes,Mollets sur Leg Press,,73.0,15.0,
253,2024-03-27,Musculation,Abdos Jambes,Mollets sur Leg Press,,73.0,15.0,
254,2024-03-27,Musculation,Abdos Jambes,Mollets sur Leg Press,,73.0,15.0,
255,2024-08-04,Musculation,Abdos Jambes,Rotary Torso,,54.0,15.0,
256,2024-08-04,Musculation,Abdos Jambes,Rotary Torso,,54.0,15.0,
257,2024-08-04,Musculation,Abdos Jambes,Rotary Torso,,54.0,15.0,
258,2024-08-04,Musculation,Abdos Jambes,Rotary Torso,,54.0,15.0,
259,2024-08-04,Musculation,Abdos Jambes,Machine Abdominaux,,32.0,10.0,
260,2024-08-04,Musculation,Abdos Jambes,Machine Abdominaux,,32.0,10.0,
261,2024-08-04,Musculation,Abdos Jambes,Machine Abdominaux,,32.0,10.0,
262,2024-08-04,Musculation,Abdos Jambes,Machine Abdominaux,,32.0,10.0,
263,2024-08-04,Musculation,Abdos Jambes,Lower Back Bench,,10.0,10.0,
264,2024-08-04,Musculation,Abdos Jambes,Lower Back Bench,,10.0,10.0,
265,2024-08-04,Musculation,Abdos Jambes,Lower Back Bench,,10.0,10.0,
266,2024-08-04,Musculation,Abdos Jambes,Lower Back Bench,,10.0,10.0,
267,2024-12-04,Musculation,Dos,Seated Row,,52.0,12.0,
268,2024-12-04,Musculation,Dos,Seated Row,,52.0,12.0,
269,2024-12-04,Musculation,Dos,Seated Row,,52.0,12.0,
270,2024-12-04,Musculation,Dos,Rear Delt,,59.0,10.0,
271,2024-12-04,Musculation,Dos,Rear Delt,,59.0,10.0,
272,2024-12-04,Musculation,Dos,Rear Delt,,59.0,10.0,
273,2024-12-04,Musculation,Dos,Rear Delt,,52.0,10.0,
274,2024-12-04,Musculation,Dos,Abdos Inclinés,,15.0,15.0,
275,2024-12-04,Musculation,Dos,Abdos Inclinés,,15.0,15.0,
276,2024-12-04,Musculation,Dos,Abdos Inclinés,,15.0,15.0,
277,2024-12-04,Musculation,Dos,Abdos Inclinés,,15.0,15.0,
278,2024-12-04,Musculation,Dos,Abdos Inclinés,,15.0,15.0,
279,2024-12-04,Musculation,Dos,Lat Pull prise poignée,,52.0,10.0,
280,2024-12-04,Musculation,Abdos,Machine Abdominaux,,52.0,10.0,
281,2024-04-15,Musculation,Jambes,Mollets sur Leg Press,,59.0,15.0,
282,2024-04-15,Musculation,Jambes,Mollets sur Leg Press,,66.0,15.0,
283,2024-04-15,Musculation,Jambes,Mollets sur Leg Press,,66.0,15.0,
284,2024-04-15,Musculation,Jambes,Mollets sur Leg Press,,66.0,15.0,
285,2024-04-15,Musculation,Jambes,Mollets sur Leg Press,,73.0,15.0,
286,2024-04-15,Musculation,Abdos,Rotary Torso,,59.0,12.0,
287,2024-04-15,Musculation,Abdos,Rotary Torso,,59.0,12.0,
288,2024-04-15,Musculation,Abdos,Rotary Torso,,59.0,12.0,
289,2024-04-15,Musculation,Abdos,Rotary Torso,,59.0,12.0,
290,2024-04-15,Musculation,Abdos,Rotary Torso,,59.0,12.0,
291,2024-04-15,Musculation,,Abdos Inclinés,,15.0,15.0,
292,2024-04-15,Musculation,,Abdos Inclinés,,15.0,15.0,
293,2024-04-15,Musculation,,Lower back bench,,10.0,10.0,
294,2024-04-15,Musculation,,Lower Back Bench,,10.0,10.0,
295,2024-04-15,Musculation,,Lower Back Bench,,10.0,10.0,
296,2024-04-16,Musculation,Pectoraux,Pec Fly,,59.0,12.0,
297,2024-04-16,Musculation,Pectoraux,Pec Fly,,59.0,12.0,
298,2024-04-16,Musculation,Pectoraux,Pec Fly,,59.0,12.0,
299,2024-04-16,Musculation,Pectoraux,Pec Fly,,59.0,12.0,
300,2024-04-16,Musculation,Pectoraux,Pec Fly,,59.0,12.0,
301,2024-04-16,Musculation,Pectoraux,chest press,,25.0,12.0,
302,2024-04-16,Musculation,Pectoraux,Chest Press,,27.3,12.0,
303,2024-04-16,Musculation,Pectoraux,Chest Press,,32.0,12.0,
304,2024-04-16,Musculation,Pectoraux,Chest Press,,32.0,12.0,
305,2024-04-16,Musculation,Pectoraux,Chest Press,,32.0,12.0,
308,2024-04-16,Musculation,Pectoraux,Back Extension,,73.0,12.0,
309,2024-04-16,Musculation,Pectoraux,Back Extension,,73.0,12.0,
310,2024-04-16,Musculation,Pectoraux,Back Extension,,73.0,12.0,
311,2024-04-16,Musculation,Pectoraux,Back Extension,,73.0,12.0,
312,2024-04-16,Musculation,Pectoraux,Back Extension,,73.0,12.0,
313,2024-04-19,Cardio,,Course sur Tapis,7.2,,,Intensité 8
314,2024-04-19,Musculation,Dos,Diverging Seated Row prise verticale,,36.0,10.0,
315,2024-04-19,Musculation,Dos,Diverging Seated Row Prise Verticale,,36.0,12.0,
316,2024-04-19,Musculation,Dos,Diverging Seated Row Prise Verticale,,36.0,12.0,
317,2024-04-19,Musculation,Dos,Diverging Seated Row Prise Verticale,,36.0,12.0,
318,2024-04-19,Musculation,Dos,Biceps Curls à la Poulie,,18.0,12.0,
319,2024-04-19,Musculation,Dos,Biceps Curls à la Poulie,,23.0,12.0,
320,2024-04-19,Musculation,Dos,Biceps Curls à la Poulie,,23.0,13.0,
321,2024-04-19,Musculation,Dos,Biceps Curls à la Poulie,,23.0,10.0,
322,2024-04-19,Musculation,Dos,Biceps Curls à la Poulie,,23.0,11.0,
323,2024-04-19,Musculation,Dos,Rear Delt,,52.0,10.0,
324,2024-04-20,Musculation,Mobilités Jambes,Rotary Torso,,59.0,15.0,
325,2024-04-20,Musculation,Mobilités Jambes,Rotary Torso,,59.0,15.0,
326,2024-04-20,Musculation,Mobilités Jambes,Rotary Torso,,59.0,15.0,
327,2024-04-20,Musculation,Mobilités Jambes,Rotary Torso,,59.0,15.0,
328,2024-04-20,Musculation,Mobilités Jambes,Abdos Inclinés,,20.0,15.0,
329,2024-04-20,Musculation,Mobilités Jambes,Abdos Inclinés,,20.0,15.0,
330,2024-04-20,Musculation,Mobilités Jambes,Abdos Inclinés,,20.0,15.0,
331,2024-04-20,Musculation,Mobilités Jambes,Squat,,40.0,15.0,
332,2024-04-20,Musculation,Mobilités Jambes,Squat,,50.0,15.0,
333,2024-04-20,Musculation,Mobilités Jambes,Squat,,60.0,15.0,
334,2024-04-20,Musculation,Mobilités Jambes,Squat,,70.0,15.0,
335,2024-04-20,Musculation,Mobilités Jambes,Squat,,80.0,15.0,
336,2024-04-23,Musculation,Mobilités Jambes,Rotary Torso,,59.0,10.0,
337,2024-04-23,Musculation,Mobilités Jambes,Rotary Torso,,59.0,10.0,
338,2024-04-23,Musculation,Mobilités Jambes,Rotary Torso,,59.0,10.0,
339,2024-04-27,Cardio,,Vélo Elliptique,25.0,,,
340,,Cardio,,Cross Trainning,,,,"Séance de Cardio : 
 Pompes 
 Squat 15kg x15
Abdos levée de jambes x15
Fentes 16kg
Montée de boxe 15x
Abdo avec poid 10kg x 10"
341,2024-04-30,Musculation,Dos,Lat Pull,,54.3,10.0,
342,2024-04-30,Musculation,Dos,Lat Pull,,54.3,10.0,
343,2024-04-30,Musculation,Dos,Lat Pull,,54.3,10.0,
344,2024-04-30,Musculation,Dos,Lat Pull,,59.0,10.0,
345,2024-04-30,Musculation,Dos,Biceps Curls à la Poulie,,23.0,10.0,
346,2024-04-30,Musculation,Dos,Biceps Curls à la Poulie,,25.3,12.0,
347,2024-04-30,Musculation,Dos,Biceps Curls à la Poulie,,25.3,12.0,
348,2024-04-30,Musculation,Dos,Biceps Curls à la Poulie,,25.3,12.0,
349,2024-04-30,Musculation,Dos,Biceps Curls à la Poulie,,27.0,12.0,
350,2024-04-30,Musculation,Dos,Rear Delt,,59.0,10.0,
351,2024-04-30,Musculation,Dos,Rear Delt,,59.0,10.0,
352,2024-04-30,Musculation,Dos,Rear Delt,,59.0,10.0,
353,2024-04-30,Musculation,Dos,Rear Delt,,59.0,10.0,
354,2024-04-30,Musculation,Dos,Rear Delt,,59.0,10.0,
355,2024-04-30,Musculation,Jambes,Seated Row,,61.3,8.0,
356,2024-04-30,Musculation,Jambes,Seated Row,,61.3,8.0,
357,2024-04-30,Musculation,Jambes,Seated Row,,,,
358,2024-04-30,Musculation,Jambes,Seated Row,,61.3,8.0,
359,2024-02-05,Musculation,Jambes,Squat,,65.0,10.0,
360,2024-02-05,Musculation,Jambes,Squat,,65.0,10.0,
361,2024-02-05,Musculation,Jambes,Squat,,65.0,10.0,
362,2024-02-05,Musculation,Jambes,Squat,,65.0,10.0,
363,2024-02-05,Musculation,Jambes,Squat,,65.0,10.0,
364,2024-02-05,Musculation,Jambes,Hip Trust,,30.0,10.0,
365,2024-02-05,Musculation,Jambes,Hip Trust,,30.0,10.0,
366,2024-02-05,Musculation,Jambes,Hip Trust,,30.0,10.0,
367,2024-02-05,Musculation,Jambes,Hip Trust,,30.0,10.0,
368,2024-02-05,Musculation,Jambes,Hip Trust,,30.0,10.0,
369,2024-02-05,Musculation,Jambes,Leg Press,,73.0,12.0,
370,2024-02-05,Musculation,Jambes,Leg Press,,73.0,12.0,
371,2024-02-05,Musculation,Jambes,Leg Press,,73.0,12.0,
372,2024-02-05,Musculation,Jambes,Leg Press,,73.0,12.0,
373,2024-02-05,Musculation,Jambes,Leg Press,,73.0,12.0,
374,2024-02-05,Musculation,Jambes,Leg Extension ,,52.0,10.0,
375,2024-02-05,Musculation,Jambes,Leg Extension ,,52.0,10.0,
376,2024-02-05,Cardio,,Cross Trainning,60.0,,,
377,2024-03-05,Musculation,Épaules,Développer Militaire à la Barre,,40.0,10.0,
378,2024-03-05,Musculation,Épaules,Développer Militaire à la Barre,,40.0,10.0,
379,2024-03-05,Musculation,Épaules,Développer Militaire à la Barre,,40.0,10.0,
380,2024-03-05,Musculation,Épaules,Triceps à la Poulie Inversée,,32.0,12.0,
381,2024-03-05,Musculation,Épaules,Triceps à la Poulie Inversée,,32.0,12.0,
382,2024-03-05,Musculation,Épaules,Triceps à la Poulie Inversée,,36.0,12.0,
383,2024-03-05,Musculation,Épaules,Triceps à la Poulie Inversée,,36.0,12.0,
384,2024-03-05,Musculation,Épaules,Triceps à la Poulie Inversée,,36.0,12.0,
385,2024-03-05,Musculation,Épaules,Élévations Latérales à la Poulie,,20.3,10.0,
386,2024-03-05,Musculation,Épaules,Élévations Latérales à la poulie,,20.3,10.0,
387,2024-03-05,Musculation,Épaules,Élévations Latérales à la Poulie,,20.3,10.0,
388,2024-03-05,Musculation,Épaules,converging shoulder press,,23.0,10.0,
389,2024-03-05,Musculation,Épaules,Converging Shoulder Press,,23.0,10.0,
390,2024-03-05,Musculation,Épaules,Élévations latérales,,5.0,10.0,
391,2024-03-05,Musculation,Épaules,Élévations Latérales,,5.0,10.0,
392,2024-03-05,Musculation,Épaules,Élévations Latérales,,5.0,10.0,
393,2024-03-05,Musculation,Épaules,Élévations Latérales,,5.0,10.0,
394,2024-03-05,Musculation,Épaules,Élévations Latérales,,5.0,10.0,
395,2024-09-05,Musculation,Jambes,Squat,,60.0,10.0,
396,2024-09-05,Musculation,Jambes,Squat,,80.0,10.0,
397,2024-09-05,Musculation,Jambes,Squat,,80.0,10.0,
398,2024-09-05,Musculation,Jambes,Squat,,70.0,10.0,
399,2024-09-05,Musculation,Jambes,Squat,,70.0,10.0,
400,2024-09-05,Musculation,Jambes,Hip Trust,,100.0,10.0,
401,2024-09-05,Musculation,Jambes,Hip trust,,100.0,10.0,
402,2024-09-05,Musculation,Jambes,Hip Trust,,100.0,10.0,
403,2024-09-05,Musculation,Jambes,Hip Trust,,100.0,10.0,
404,2024-09-05,Musculation,Jambes,Hip Trust,,100.0,10.0,
405,2024-09-05,Musculation,Jambes,Mollets sur Leg Press,,73.0,10.0,
406,2024-09-05,Musculation,Jambes,Mollets sur Leg Press,,73.0,10.0,
407,2024-09-05,Musculation,Jambes,Mollets sur Leg Press,,73.0,10.0,
408,2024-09-05,Musculation,Jambes,Mollets sur Leg Press,,73.0,10.0,
409,2024-09-05,Musculation,Jambes,Mollets sur Leg Press,,73.0,10.0,
410,2024-09-05,Musculation,Jambes,Hip Abduction vers intérieur,,59.0,10.0,
411,2024-09-05,Musculation,Jambes,Hip Abduction vers intérieur,,59.0,10.0,
412,2024-09-05,Musculation,Jambes,Hip Abduction vers intérieur,,59.0,10.0,
413,2024-09-05,Musculation,Jambes,Hip Abduction vers intérieur,,59.0,10.0,
414,2024-09-05,Musculation,Jambes,Hip Abduction vers intérieur,,59.0,10.0,
415,2024-09-05,Musculation,Jambes,Hip Abduction vers exterieur,,59.0,10.0,
416,2024-09-05,Musculation,Jambes,Hip Abduction vers exterieur,,59.0,10.0,
417,2024-09-05,Musculation,Jambes,Hip Abduction vers exterieur,,59.0,10.0,
418,2024-09-05,Musculation,Jambes,Hip Abduction vers exterieur,,59.0,10.0,
419,2024-09-05,Musculation,Jambes,leg extension,,59.0,19.0,
420,2024-09-05,Musculation,Jambes,leg extension,,52.0,12.0,
421,2024-09-05,Musculation,Jambes,leg extension,,52.0,12.0,
422,2024-09-05,Musculation,Jambes,leg extension,,52.0,12.0,
423,2024-10-05,Musculation,Haut du Corps,Développer Militaire à la Barre,,40.0,10.0,
424,2024-10-05,Musculation,Haut du Corps,Développer Militaire à la Barre,,50.0,10.0,
425,2024-10-05,Musculation,Haut du Corps,Développer Militaire à la Barre,,50.0,8.0,
426,2024-10-05,Musculation,Haut du Corps,Développer Militaire à la Barre,,50.0,8.0,
427,2024-10-05,Musculation,Haut du Corps,Développer Militaire à la Barre,,40.0,10.0,
428,2024-10-05,Musculation,Haut du Corps,Pec Fly,,66.0,12.0,
429,2024-10-05,Musculation,Haut du Corps,Pec Fly,,66.0,12.0,
430,2024-10-05,Musculation,Haut du Corps,Pec Fly,,72.0,12.0,
431,2024-10-05,Musculation,Haut du Corps,Pec Fly,,72.0,12.0,
432,2024-10-05,Musculation,Haut du Corps,Pec Fly,,72.0,12.0,
433,2024-10-05,Musculation,Haut du Corps,Pec Fly,,,,Penser à prendre la poignée la plus basse
434,2024-10-05,Musculation,Haut du Corps,Converging Chest Press,,32.0,12.0,
435,2024-10-05,Musculation,Haut du Corps,Converging Chest Press,,32.0,12.0,
436,2024-10-05,Musculation,Haut du Corps,Converging Chest Press,,34.3,12.0,
437,2024-10-05,Musculation,Haut du Corps,Converging Chest Press,,34.3,12.0,
438,2024-10-05,Musculation,Haut du Corps,Converging Chest Press,,34.3,12.0,
439,2024-10-05,Musculation,Haut du Corps,Triceps à la Poulie Inversée,,36.0,12.0,
440,2024-10-05,Musculation,Haut du Corps,Triceps à la Poulie Inversée,,36.0,12.0,
441,2024-10-05,Musculation,Haut du Corps,Triceps à la Poulie Inversée,,36.0,12.0,
442,2024-11-05,Musculation,Dos,Traction avec Élastique,,,5.0,
443,2024-11-05,Musculation,Dos,Traction avec Élastique,,,5.0,
444,2024-11-05,Musculation,Dos,Traction avec Élastique,,,5.0,
445,2024-11-05,Musculation,Dos,Traction avec Élastique,,,5.0,
446,2024-11-05,Musculation,Dos,traction avec élastique,,,5.0,
447,2024-11-05,Musculation,Dos,Tirage Verticale,,59.0,8.0,
448,2024-11-05,Musculation,Dos,Tirage Verticale,,59.0,10.0,
449,2024-11-05,Musculation,Dos,Tirage Verticale,,59.0,7.0,
450,2024-11-05,Musculation,Dos,Tirage Verticale,,59.0,10.0,
451,2024-11-05,Musculation,Dos,Tirage Verticale,,59.0,5.0,
452,2024-11-05,Musculation,Dos,Biceps Curls,,6.0,10.0,
453,2024-11-05,Musculation,Dos,Biceps Curls,,6.0,12.0,
454,2024-11-05,Musculation,Dos,Biceps Curls,,6.0,10.0,
455,2024-11-05,Musculation,Dos,Biceps Curls,,6.0,12.0,
456,2024-11-05,Musculation,Dos,Rear Delt,,59.0,12.0,
457,2024-11-05,Musculation,Dos,Rear Delt,,59.0,12.0,
458,2024-11-05,Musculation,Dos,Rear Delt,,59.0,10.0,
459,2024-05-13,Cardio,,Vélo Elliptique,30.0,,,
460,2024-05-13,Musculation,Dos,Back Extension,,10.0,10.0,
461,2024-05-13,Musculation,Dos,Back Extension,,10.0,10.0,
462,2024-05-13,Musculation,Dos,Back Extension,,10.0,10.0,
463,2024-05-13,Musculation,Dos,Back Extension,,10.0,10.0,
464,2024-05-13,Musculation,Dos,Back Extension,,10.0,10.0,
465,2024-05-13,Musculation,Dos,Rotary Torso,,59.0,10.0,
466,2024-05-13,Musculation,Dos,Rotary Torso,,64.0,10.0,
467,2024-05-13,Musculation,Dos,Rotary Torso,,64.0,10.0,
468,2024-05-13,Cardio,,Vélo Elliptique,10.0,,,
469,2024-05-13,Cardio,,Cross Trainning,60.0,,,
470,2024-05-14,Musculation,Pectoraux,Développé Couché,,40.0,15.0,
471,2024-05-14,Musculation,Pectoraux,Développé Couché,,50.0,12.0,
472,2024-05-14,Musculation,Pectoraux,Développé Couché,,50.0,8.0,
473,2024-05-14,Musculation,Pectoraux,Développé Couché,,50.0,9.0,
474,2024-05-14,Musculation,Pectoraux,Ecartés Poulie,,21.3,10.0,
475,2024-05-14,Musculation,Pectoraux,Ecartés Poulie,,21.3,10.0,
476,2024-05-14,Musculation,Pectoraux,Ecartés Poulie,,21.3,10.0,
477,2024-05-14,Musculation,Pectoraux,Ecartés Poulie,,21.3,10.0,
478,2024-05-14,Musculation,Pectoraux,Ecartés Poulie,,21.3,10.0,
479,2024-05-14,Musculation,Pectoraux,Triceps à la Poulie Inversée,,34.3,15.0,
480,2024-05-14,Musculation,Pectoraux,Triceps à la Poulie Inversée,,38.3,15.0,
481,2024-05-14,Musculation,Pectoraux,Triceps à la Poulie Inversée,,38.3,15.0,
482,2024-05-14,Musculation,Pectoraux,Triceps à la Poulie Inversée,,38.3,15.0,
483,2024-05-14,Musculation,Pectoraux,Triceps à la Poulie Inversée,,38.3,12.0,
484,2024-05-14,Musculation,Pectoraux,Pec Fly,,79.0,19.0,
485,2024-05-14,Musculation,Pectoraux,Pec Fly,,79.0,8.0,
486,2024-05-14,Musculation,Pectoraux,Pec Fly,,79.0,8.0,
487,2024-05-14,Musculation,Pectoraux,Pec Fly,,79.0,8.0,
488,2024-05-14,Musculation,Pectoraux,Pec Fly,,79.0,8.0,
489,2024-05-15,Cardio,,Tennis,60.0,,,
490,2024-05-16,Musculation,Full Body,Développer Militaire à la Barre,,45.0,10.0,
491,2024-05-16,Musculation,Full Body,Développer Militaire à la Barre,,45.0,10.0,
492,2024-05-16,Musculation,Full Body,Développer Militaire à la Barre,,45.0,10.0,
493,2024-05-16,Musculation,Full Body,Développer Militaire à la Barre,,45.0,10.0,
494,2024-05-16,Musculation,Full Body,Développer Militaire à la Barre,,45.0,10.0,
495,2024-05-16,Musculation,Dos,Traction avec Élastique,,,10.0,
496,2024-05-16,Musculation,Dos,Traction avec Élastique,,,10.0,
497,2024-05-16,Musculation,Dos,Traction avec Élastique,,,10.0,
498,2024-05-16,Musculation,Dos,Traction avec Élastique,,,10.0,
499,2024-05-16,Musculation,Dos,Traction avec Élastique,,,10.0,
500,2024-05-17,Musculation,Jambes,Squat,,60.0,10.0,
501,2024-05-17,Musculation,Jambes,Squat,,60.0,10.0,
502,2024-05-17,Musculation,Jambes,Squat,,60.0,10.0,
503,2024-05-17,Musculation,Jambes,Squat,,60.0,10.0,
504,2024-05-17,Musculation,Jambes,Squat,,60.0,10.0,
505,2024-05-17,Musculation,Jambes,Hip Trust,,100.0,10.0,
506,2024-05-17,Musculation,Jambes,Hip Trust,,100.0,10.0,
507,2024-05-17,Musculation,Jambes,Hip Trust,,100.0,10.0,
508,2024-05-17,Musculation,Jambes,Hip Trust,,100.0,10.0,
509,2024-05-18,Cardio,,Cross Trainning,60.0,,,
510,2024-05-18,Musculation,Bras,Biceps Curls à la Poulie,,32.0,10.0,
511,2024-05-18,Musculation,Bras,Biceps Curls à la Poulie,,27.0,10.0,
512,2024-05-18,Musculation,Bras,Biceps Curls à la Poulie,,27.0,10.0,
513,2024-05-18,Musculation,Bras,Biceps Curls à la Poulie,,27.0,10.0,
514,2024-05-18,Musculation,Bras,Biceps Curls à la Poulie,,27.0,10.0,
515,2024-05-18,Musculation,Bras,Triceps à la Poulie Inversée,,36.0,10.0,
516,2024-05-18,Musculation,Bras,Triceps à la Poulie Inversée,,41.0,12.0,
517,2024-05-18,Musculation,Bras,Triceps à la Poulie Inversée,,41.0,12.0,
518,2024-05-18,Musculation,Bras,Triceps à la Poulie Inversée,,43.3,12.0,
519,2024-05-18,Musculation,Bras,Triceps à la Poulie Inversée,,43.3,12.0,
520,2024-05-18,Musculation,Bras,Triceps à la Poulie Inversée,,45.0,11.0,
521,2024-05-18,Musculation,Bras,Biceps Curls,,7.0,10.0,
522,2024-05-18,Musculation,Bras,Biceps Curls,,7.0,10.0,
523,2024-05-19,Musculation,Épaules,Converging Shoulder Press,,27.0,12.0,
524,2024-05-19,Musculation,Épaules,Converging Shoulder Press,,32.0,10.0,
525,2024-05-19,Musculation,Épaules,Converging Shoulder Press,,32.0,10.0,
526,2024-05-19,Musculation,Épaules,Converging Shoulder Press,,32.0,10.0,
527,2024-05-19,Musculation,Épaules,Converging Shoulder Press,,27.0,10.0,
528,2024-05-19,Musculation,Épaules,Élévations frontales,,7.0,10.0,
529,2024-05-19,Musculation,Épaules,Élévations Frontales,,7.0,12.0,
530,2024-05-19,Musculation,Épaules,Élévations Frontales,,7.0,12.0,
531,2024-05-19,Musculation,Épaules,Élévations Frontales,,7.0,12.0,
532,2024-05-19,Musculation,Épaules,Élévations Latérales,,6.0,10.0,
533,2024-05-19,Musculation,Épaules,Élévations Latérales,,6.0,10.0,
534,2024-05-19,Musculation,Épaules,Élévations Latérales,,6.0,10.0,
535,2024-05-19,Musculation,Épaules,Élévations Latérales,,6.0,10.0,
536,2024-05-20,Musculation,Pectoraux,Développé Couché haltère,,18.0,12.0,
537,2024-05-20,Musculation,Pectoraux,Développé Couché haltère,,18.0,12.0,
538,2024-05-20,Musculation,Pectoraux,Développé Couché haltère,,18.0,12.0,
539,2024-05-20,Musculation,Pectoraux,Développé Couché haltère,,18.0,12.0,
540,2024-05-20,Musculation,Pectoraux,Développé Couché haltère,,18.0,12.0,
541,2024-05-20,Musculation,Bras,Triceps à la Poulie,,29.3,10.0,
542,2024-05-20,Musculation,Bras,Triceps à la Poulie,,29.3,10.0,
543,2024-05-20,Musculation,Bras,Triceps à la Poulie,,34.3,10.0,
544,2024-05-20,Musculation,Bras,Triceps à la Poulie,,34.3,10.0,
545,2024-05-20,Musculation,Bras,Triceps à la Poulie,,34.3,10.0,
546,2024-05-20,Musculation,Pectoraux,Pec Fly,,66.0,15.0,
547,2024-05-20,Musculation,Pectoraux,Pec Fly,,73.0,12.0,
548,2024-05-20,Musculation,Pectoraux,Pec Fly,,73.0,12.0,
549,2024-05-20,Musculation,Pectoraux,Pec Fly,,73.0,12.0,
550,2024-05-20,Musculation,Pectoraux,Pec Fly,,73.0,12.0,
551,2024-05-20,Musculation,Bras,Dips,,,15.0,
552,2024-05-20,Musculation,Bras,Dips,,,15.0,
553,2024-05-20,Musculation,Bras,Dips,,,15.0,
554,2024-05-20,Musculation,Bras,Dips,,,15.0,
555,2024-05-20,Musculation,Bras,Dips,,,15.0,
556,2024-05-21,Cardio,,Course sur Tapis,,,,
557,2024-05-21,Musculation,Dos,Lat Pull,,66.0,7.0,
558,2024-05-21,Musculation,Dos,Lat Pull,,66.0,7.0,
559,2024-05-21,Musculation,Dos,Lat Pull,,59.0,10.0,
560,2024-05-21,Musculation,Dos,Lat Pull,,59.0,10.0,
561,2024-05-21,Musculation,Dos,Lat Pull,,59.0,10.0,
562,2024-05-21,Musculation,Dos,Lat Pull,,59.0,10.0,
563,2024-05-21,Musculation,Dos,Banc à Lombaire,,10.0,10.0,
564,2024-05-21,Musculation,Dos,Banc à Lombaire,,10.0,10.0,
565,2024-05-21,Musculation,Dos,Banc à Lombaire,,10.0,10.0,
566,2024-05-21,Musculation,Dos,Banc à Lombaire,,10.0,10.0,
567,2024-05-21,Musculation,Dos,Diverging Seated Row,,52.0,8.0,
568,2024-05-21,Musculation,Dos,Diverging Seated Row,,52.0,8.0,
569,2024-05-21,Musculation,Dos,Diverging Seated Row,,52.0,8.0,
570,2024-05-21,Musculation,Dos,Diverging Seated Row,,52.0,8.0,
571,2024-05-21,Cardio,,Tennis,60.0,,,
572,2024-05-21,Cardio,,Cross Trainning,60.0,,,
573,2024-05-22,Cardio,,Vélo Elliptique,30.0,,,
574,2024-05-22,Musculation,Full Body,Squat,,60.0,10.0,
575,2024-05-22,Musculation,Full Body,Squat,,60.0,10.0,
576,2024-05-22,Musculation,Full Body,Squat,,60.0,10.0,
577,2024-05-22,Musculation,Full Body,Squat,,70.0,10.0,
578,2024-05-22,Musculation,Full Body,Squat,,80.0,10.0,
579,2024-05-22,Musculation,Full Body,Hip Trust,,100.0,10.0,
580,2024-05-22,Musculation,Full Body,Hip Trust,,100.0,10.0,
581,2024-05-22,Musculation,Full Body,Hip Trust,,100.0,10.0,
582,2024-05-23,Musculation,Bras,Biceps Curls à la Poulie,,27.0,10.0,
583,2024-05-23,Musculation,Bras,Biceps Curls à la Poulie,,27.0,10.0,
584,2024-05-23,Musculation,Bras,Biceps Curls à la Poulie,,27.0,10.0,
585,2024-05-23,Musculation,Bras,Biceps Curls à la Poulie,,27.0,10.0,
586,2024-05-23,Musculation,Bras,triceps doubles chassées poulie,,9.0,12.0,
587,2024-05-23,Musculation,Bras,Triceps Doubles Chassées à la Poulie,,11.5,10.0,
588,2024-05-23,Musculation,Bras,Triceps Doubles Chassées à la Poulie,,14.0,10.0,
589,2024-05-23,Musculation,Bras,Triceps Doubles Chassées à la Poulie,,14.0,10.0,
590,2024-05-23,Musculation,Abdos,Abdos Inclinés,,15.0,10.0,
591,2024-05-23,Musculation,Abdos,Abdos Inclinés,,15.0,10.0,
592,2024-05-23,Musculation,Bras,Arm Curl,,29.3,10.0,
593,2024-05-23,Musculation,Bras,Arm Curl,,32.0,10.0,
594,2024-05-23,Musculation,Bras,Arm Curl,,34.3,10.0,
595,2024-05-23,Musculation,Bras,Arm Curl,,36.0,10.0,
596,2024-05-23,Cardio,,Tennis,60.0,,,
597,2024-05-25,Musculation,Full Body,Rear Delt,,73.0,10.0,
598,2024-05-25,Musculation,Full Body,Rear Delt,,73.0,10.0,
599,2024-05-25,Musculation,Full Body,Rear Delt,,73.0,10.0,
600,2024-05-25,Musculation,Full Body,Rear Delt,,73.0,10.0,
601,2024-05-25,Musculation,Full Body,Rear Delt,,73.0,10.0,Trop lourd
602,2024-05-25,Musculation,Full Body,Lat Pull,,59.0,10.0,
603,2024-05-25,Musculation,Full Body,Lat Pull,,59.0,10.0,
604,2024-05-25,Musculation,Full Body,Lat Pull,,59.0,10.0,
605,2024-05-25,Musculation,Full Body,Lat Pull,,59.0,10.0,
606,2024-05-25,Musculation,Full Body,Lat Pull,,59.0,10.0,Bon poid essayer de monter dans 2 séances
607,2024-05-25,Musculation,Full Body,Squat,,80.0,10.0,
608,2024-05-25,Musculation,Full Body,Squat,,80.0,10.0,
609,2024-05-25,Musculation,Full Body,Squat,,80.0,10.0,
610,2024-05-25,Musculation,Full Body,Squat,,80.0,10.0,
611,2024-05-25,Musculation,Full Body,Squat,,80.0,10.0,Bon poid
612,2024-05-25,Musculation,Full Body,Développé Couché,,55.0,10.0,
613,2024-05-25,Musculation,Full Body,Développé Couché,,55.0,10.0,
614,2024-05-25,Musculation,Full Body,Développé Couché,,55.0,10.0,
615,2024-05-25,Musculation,Full Body,Développé Couché,,55.0,10.0,Encore un peu lourd mais j’essaie de partir sur ce poid moyen
616,2024-05-27,Musculation,Pectoraux,Développé Couché haltère,,20.0,10.0,
617,2024-05-27,Musculation,Pectoraux,Développé Couché haltère,,20.0,10.0,
618,2024-05-27,Musculation,Pectoraux,Développé Couché haltère,,20.0,10.0,
619,2024-05-27,Musculation,Pectoraux,Développé Couché haltère,,20.0,10.0,
620,2024-05-27,Musculation,Pectoraux,Développé Couché haltère,,20.0,10.0,essayer de monter prochaine séance
621,2024-05-27,Musculation,Pectoraux,pectoraux à la coulis,,25.3,10.0,
622,2024-05-27,Musculation,Pectoraux,pectoraux à la coulis,,25.3,10.0,
623,2024-05-27,Musculation,Pectoraux,pectoraux à la coulis,,25.3,10.0,
624,2024-05-27,Musculation,Pectoraux,pectoraux à la coulis,,25.3,10.0,
625,2024-05-27,Musculation,Pectoraux,pectoraux à la coulis,,25.3,10.0,
626,2024-05-27,Musculation,Pectoraux,Pectoraux coulis vers le bas,,20.3,10.0,
627,2024-05-27,Musculation,Pectoraux,Pectoraux coulis vers le bas,,23.0,10.0,
628,2024-05-27,Musculation,Pectoraux,Pectoraux coulis vers le bas,,23.0,10.0,
629,2024-05-27,Musculation,Pectoraux,Pectoraux coulis vers le bas,,23.0,10.0,
630,2024-05-27,Musculation,Pectoraux,Pectoraux coulis vers le bas,,23.0,10.0,
631,2024-05-27,Musculation,Bras,Triceps à la Poulie Inversée,,36.0,15.0,
632,2024-05-27,Musculation,Bras,Triceps à la Poulie Inversée,,41.0,12.0,
633,2024-05-27,Musculation,Bras,Triceps à la Poulie Inversée,,45.0,12.0,
634,2024-05-27,Musculation,Bras,Triceps à la Poulie Inversée,,45.0,12.0,
635,2024-05-27,Musculation,Bras,Triceps à la Poulie Inversée,,45.0,12.0,
636,2024-05-27,Musculation,Pectoraux,Dip Assist,,14.0,10.0,
637,2024-05-27,Musculation,Pectoraux,Dip Assist,,14.0,10.0,
638,2024-05-27,Musculation,Pectoraux,Dip Assist,,14.0,10.0,un peu trop lourd
639,2024-05-27,Musculation,Pectoraux,Pec Fly,,66.0,12.0,
640,2024-05-27,Musculation,Pectoraux,Pec Fly,,66.0,12.0,
641,2024-05-27,Musculation,Pectoraux,Pec Fly,,66.0,12.0,
642,2024-05-27,Musculation,Pectoraux,Pec Fly,,66.0,12.0,
643,2024-05-27,Musculation,Pectoraux,Pec Fly,,66.0,12.0,trop léger même pour fin de séance
